model,fips_state,parameter,element,hyperdistribution,2024-2025,2023-2024
SIR-1S,1,rho_h,0,lognorm,0.0072153461790081,0.0033699208472535
SIR-1S,1,f_R,0,norm,0.2735427388059285,0.3060792295634327
SIR-1S,1,f_I,0,lognorm,5.737249787799072e-06,0.0001529639844898
SIR-1S,1,beta,0,norm,0.4747231735337263,0.4688101735562131
SIR-1S,1,delta_beta_temporal,0,norm,-0.0223450420947581,-0.0486336270436814
SIR-1S,1,delta_beta_temporal,1,norm,0.0154331390978277,-0.000212550931385
SIR-1S,1,delta_beta_temporal,2,norm,-0.0482719512784,-0.0238369290253026
SIR-1S,1,delta_beta_temporal,3,norm,0.0756090783430878,0.0498382583057363
SIR-1S,1,delta_beta_temporal,4,norm,0.1153204991451057,0.1476372966526895
SIR-1S,1,delta_beta_temporal,5,norm,-0.1937073345613035,-0.0489731027287196
SIR-1S,1,delta_beta_temporal,6,norm,0.0495837027267474,-0.0688813075711684
SIR-1S,1,delta_beta_temporal,7,norm,-0.0566354822714151,0.0354203230055542
SIR-1S,1,delta_beta_temporal,8,norm,-0.0710028576798611,0.0741149318727748
SIR-1S,1,delta_beta_temporal,9,norm,0.0794744661461279,0.1050439943747435
SIR-1S,1,delta_beta_temporal,10,norm,-0.0246625517479785,0.0743520375327155
SIR-1S,1,delta_beta_temporal,11,norm,-0.0681920558053503,-0.006957650058644
SIR-1S,2,rho_h,0,lognorm,0.005461954,0.002348555
SIR-1S,2,f_R,0,norm,0.289927605,0.305802462
SIR-1S,2,f_I,0,lognorm,6.23e-05,0.000911813
SIR-1S,2,beta,0,norm,0.46225719,0.476003709
SIR-1S,2,delta_beta_temporal,0,norm,-0.031264986,0.030975027
SIR-1S,2,delta_beta_temporal,1,norm,-0.023418474,-0.012188401
SIR-1S,2,delta_beta_temporal,2,norm,-0.00335122,-0.055970396
SIR-1S,2,delta_beta_temporal,3,norm,0.011956266,-0.040592494
SIR-1S,2,delta_beta_temporal,4,norm,0.025534139,-0.00384525
SIR-1S,2,delta_beta_temporal,5,norm,-0.029269374,0.028208433
SIR-1S,2,delta_beta_temporal,6,norm,-0.057004758,0.022958868
SIR-1S,2,delta_beta_temporal,7,norm,0.046226253,0.027147772
SIR-1S,2,delta_beta_temporal,8,norm,0.096310268,0.030342223
SIR-1S,2,delta_beta_temporal,9,norm,0.028068381,0.023379609
SIR-1S,2,delta_beta_temporal,10,norm,0.023753779,0.015964491
SIR-1S,2,delta_beta_temporal,11,norm,0.008667051,0.005144892
SIR-1S,4,rho_h,0,lognorm,0.013606577,0.008413518
SIR-1S,4,f_R,0,norm,0.239073004,0.270525461
SIR-1S,4,f_I,0,lognorm,1.64e-05,2.79e-05
SIR-1S,4,beta,0,norm,0.450074752,0.46165505
SIR-1S,4,delta_beta_temporal,0,norm,0.070468958,-0.047973487
SIR-1S,4,delta_beta_temporal,1,norm,-0.016801243,0.049104586
SIR-1S,4,delta_beta_temporal,2,norm,-0.034248994,-0.043796538
SIR-1S,4,delta_beta_temporal,3,norm,-0.042534648,0.040490404
SIR-1S,4,delta_beta_temporal,4,norm,0.1268489,0.058799627
SIR-1S,4,delta_beta_temporal,5,norm,-0.174431867,-0.144205549
SIR-1S,4,delta_beta_temporal,6,norm,-0.127013697,-0.067226107
SIR-1S,4,delta_beta_temporal,7,norm,-0.004830872,-0.229622919
SIR-1S,4,delta_beta_temporal,8,norm,0.019566685,0.005260524
SIR-1S,4,delta_beta_temporal,9,norm,-0.024625269,-0.048564353
SIR-1S,4,delta_beta_temporal,10,norm,-0.062237663,-0.013895337
SIR-1S,4,delta_beta_temporal,11,norm,-0.054377844,0.059618695
SIR-1S,5,rho_h,0,lognorm,0.006647986,0.006125265
SIR-1S,5,f_R,0,norm,0.267737764,0.29316667
SIR-1S,5,f_I,0,lognorm,4.93e-06,6.52e-05
SIR-1S,5,beta,0,norm,0.46823002,0.463649837
SIR-1S,5,delta_beta_temporal,0,norm,-0.037121896,-0.070268006
SIR-1S,5,delta_beta_temporal,1,norm,-0.023429115,-0.065090722
SIR-1S,5,delta_beta_temporal,2,norm,-0.036928853,-0.020827035
SIR-1S,5,delta_beta_temporal,3,norm,0.021052483,-0.014447724
SIR-1S,5,delta_beta_temporal,4,norm,0.08193523,0.143082689
SIR-1S,5,delta_beta_temporal,5,norm,-0.067275165,0.000302472
SIR-1S,5,delta_beta_temporal,6,norm,0.089968737,-0.002117672
SIR-1S,5,delta_beta_temporal,7,norm,0.049383861,0.032310689
SIR-1S,5,delta_beta_temporal,8,norm,-0.079670578,0.086359375
SIR-1S,5,delta_beta_temporal,9,norm,0.062544295,0.064955052
SIR-1S,5,delta_beta_temporal,10,norm,-0.018184215,-0.04344345
SIR-1S,5,delta_beta_temporal,11,norm,-0.028406336,0.043866804
SIR-1S,6,rho_h,0,lognorm,0.007279734,0.00305175
SIR-1S,6,f_R,0,norm,0.289941381,0.326307151
SIR-1S,6,f_I,0,lognorm,1.18e-05,8.56e-05
SIR-1S,6,beta,0,norm,0.472942944,0.463109122
SIR-1S,6,delta_beta_temporal,0,norm,-0.010154072,-0.026635759
SIR-1S,6,delta_beta_temporal,1,norm,0.014774929,0.169029068
SIR-1S,6,delta_beta_temporal,2,norm,0.053674729,0.090231683
SIR-1S,6,delta_beta_temporal,3,norm,0.02484528,0.080351896
SIR-1S,6,delta_beta_temporal,4,norm,0.092284076,0.117309343
SIR-1S,6,delta_beta_temporal,5,norm,-0.133660233,-0.09513793
SIR-1S,6,delta_beta_temporal,6,norm,0.039374866,-0.041949199
SIR-1S,6,delta_beta_temporal,7,norm,-0.065631577,-0.070801478
SIR-1S,6,delta_beta_temporal,8,norm,-0.135722589,-0.005462853
SIR-1S,6,delta_beta_temporal,9,norm,-0.059616513,0.018789332
SIR-1S,6,delta_beta_temporal,10,norm,-0.060084815,0.075360869
SIR-1S,6,delta_beta_temporal,11,norm,-0.016272651,0.135257946
SIR-1S,8,rho_h,0,lognorm,0.006070499,0.00372321
SIR-1S,8,f_R,0,norm,0.286896719,0.299324618
SIR-1S,8,f_I,0,lognorm,9.16e-06,5.21e-05
SIR-1S,8,beta,0,norm,0.472600857,0.470300804
SIR-1S,8,delta_beta_temporal,0,norm,-0.002369384,-0.011152155
SIR-1S,8,delta_beta_temporal,1,norm,-0.018603515,0.081126984
SIR-1S,8,delta_beta_temporal,2,norm,0.003452617,0.014478363
SIR-1S,8,delta_beta_temporal,3,norm,-0.011631246,-0.00705187
SIR-1S,8,delta_beta_temporal,4,norm,0.205302047,0.059796325
SIR-1S,8,delta_beta_temporal,5,norm,-0.104946441,-0.058135992
SIR-1S,8,delta_beta_temporal,6,norm,-0.06008871,-0.036613779
SIR-1S,8,delta_beta_temporal,7,norm,0.083937292,0.023798187
SIR-1S,8,delta_beta_temporal,8,norm,-0.029433962,-0.021379075
SIR-1S,8,delta_beta_temporal,9,norm,-0.024763566,0.073280514
SIR-1S,8,delta_beta_temporal,10,norm,-0.020673983,0.077335331
SIR-1S,8,delta_beta_temporal,11,norm,-0.002532532,0.023177025
SIR-1S,9,rho_h,0,lognorm,0.005509548,0.004432232
SIR-1S,9,f_R,0,norm,0.270337415,0.303946836
SIR-1S,9,f_I,0,lognorm,3.38e-06,3.83e-05
SIR-1S,9,beta,0,norm,0.471916924,0.467985381
SIR-1S,9,delta_beta_temporal,0,norm,-0.052631803,-0.043081258
SIR-1S,9,delta_beta_temporal,1,norm,-0.039862092,-0.000749106
SIR-1S,9,delta_beta_temporal,2,norm,-0.036917669,0.064204227
SIR-1S,9,delta_beta_temporal,3,norm,0.019560968,0.053839259
SIR-1S,9,delta_beta_temporal,4,norm,0.199572997,0.033805814
SIR-1S,9,delta_beta_temporal,5,norm,-0.064688373,-0.069888657
SIR-1S,9,delta_beta_temporal,6,norm,0.004191626,-0.060446199
SIR-1S,9,delta_beta_temporal,7,norm,0.036428121,-0.009760592
SIR-1S,9,delta_beta_temporal,8,norm,-0.083720961,0.126888835
SIR-1S,9,delta_beta_temporal,9,norm,-0.050827699,0.00320272
SIR-1S,9,delta_beta_temporal,10,norm,-0.025382906,0.003332104
SIR-1S,9,delta_beta_temporal,11,norm,0.030027137,0.08141673
SIR-1S,10,rho_h,0,lognorm,0.005473225,0.002878294
SIR-1S,10,f_R,0,norm,0.270546121,0.316739622
SIR-1S,10,f_I,0,lognorm,7.71e-06,5.26e-05
SIR-1S,10,beta,0,norm,0.47223843,0.476843399
SIR-1S,10,delta_beta_temporal,0,norm,-0.057947452,-0.023884463
SIR-1S,10,delta_beta_temporal,1,norm,-0.034605531,-0.016768644
SIR-1S,10,delta_beta_temporal,2,norm,-0.018873678,0.008225918
SIR-1S,10,delta_beta_temporal,3,norm,0.035887377,0.059158177
SIR-1S,10,delta_beta_temporal,4,norm,0.144326676,0.107189976
SIR-1S,10,delta_beta_temporal,5,norm,-0.102371322,-0.038114503
SIR-1S,10,delta_beta_temporal,6,norm,-0.021888646,-0.036078323
SIR-1S,10,delta_beta_temporal,7,norm,0.129701357,0.014663964
SIR-1S,10,delta_beta_temporal,8,norm,0.007421864,0.060144705
SIR-1S,10,delta_beta_temporal,9,norm,0.034004787,0.039604572
SIR-1S,10,delta_beta_temporal,10,norm,0.019974938,0.029500854
SIR-1S,10,delta_beta_temporal,11,norm,0.015304306,0.013383467
SIR-1S,11,rho_h,0,lognorm,0.008386676,0.004430294
SIR-1S,11,f_R,0,norm,0.25986155,0.297029095
SIR-1S,11,f_I,0,lognorm,3.64e-06,5.73e-05
SIR-1S,11,beta,0,norm,0.475576602,0.468170116
SIR-1S,11,delta_beta_temporal,0,norm,-0.043855332,-0.032114889
SIR-1S,11,delta_beta_temporal,1,norm,-0.040118778,-0.017363705
SIR-1S,11,delta_beta_temporal,2,norm,-0.040043193,0.016829666
SIR-1S,11,delta_beta_temporal,3,norm,-0.02068702,0.047070183
SIR-1S,11,delta_beta_temporal,4,norm,0.08677948,0.07572455
SIR-1S,11,delta_beta_temporal,5,norm,-0.061287502,-0.071728837
SIR-1S,11,delta_beta_temporal,6,norm,0.128912339,-0.085829386
SIR-1S,11,delta_beta_temporal,7,norm,-0.053025929,-0.016259912
SIR-1S,11,delta_beta_temporal,8,norm,-0.028078996,0.048782488
SIR-1S,11,delta_beta_temporal,9,norm,0.13568178,0.076282411
SIR-1S,11,delta_beta_temporal,10,norm,0.077793465,0.06063679
SIR-1S,11,delta_beta_temporal,11,norm,-0.028468138,0.042715865
SIR-1S,12,rho_h,0,lognorm,0.013634984,0.00796539
SIR-1S,12,f_R,0,norm,0.224060416,0.322160669
SIR-1S,12,f_I,0,lognorm,3.7e-05,0.000366441
SIR-1S,12,beta,0,norm,0.411265609,0.445059499
SIR-1S,12,delta_beta_temporal,0,norm,-0.013210252,0.041330295
SIR-1S,12,delta_beta_temporal,1,norm,0.104081603,0.072679076
SIR-1S,12,delta_beta_temporal,2,norm,-0.004225912,0.045223961
SIR-1S,12,delta_beta_temporal,3,norm,-0.015955339,-0.003141338
SIR-1S,12,delta_beta_temporal,4,norm,0.157022357,0.144564647
SIR-1S,12,delta_beta_temporal,5,norm,-0.056453518,-0.002532451
SIR-1S,12,delta_beta_temporal,6,norm,0.047187057,-0.041840264
SIR-1S,12,delta_beta_temporal,7,norm,-0.038337348,0.07321381
SIR-1S,12,delta_beta_temporal,8,norm,-0.118076576,0.015408974
SIR-1S,12,delta_beta_temporal,9,norm,-0.051854061,0.075160202
SIR-1S,12,delta_beta_temporal,10,norm,-0.041081164,0.044255944
SIR-1S,12,delta_beta_temporal,11,norm,-0.099009619,0.078927605
SIR-1S,13,rho_h,0,lognorm,0.005442138,0.004405704
SIR-1S,13,f_R,0,norm,0.27706348,0.314094733
SIR-1S,13,f_I,0,lognorm,5.45e-06,0.000130582
SIR-1S,13,beta,0,norm,0.471771049,0.459470455
SIR-1S,13,delta_beta_temporal,0,norm,-0.023614861,-0.068581386
SIR-1S,13,delta_beta_temporal,1,norm,0.018117642,0.087253564
SIR-1S,13,delta_beta_temporal,2,norm,-0.055293951,0.024824925
SIR-1S,13,delta_beta_temporal,3,norm,0.082859821,0.096454484
SIR-1S,13,delta_beta_temporal,4,norm,0.195706162,0.214737871
SIR-1S,13,delta_beta_temporal,5,norm,-0.120871599,-0.103853515
SIR-1S,13,delta_beta_temporal,6,norm,0.057900791,-0.005469046
SIR-1S,13,delta_beta_temporal,7,norm,-0.026285029,0.023037445
SIR-1S,13,delta_beta_temporal,8,norm,-0.1488572,0.042446235
SIR-1S,13,delta_beta_temporal,9,norm,0.09226289,0.041654336
SIR-1S,13,delta_beta_temporal,10,norm,-0.022237066,0.017308729
SIR-1S,13,delta_beta_temporal,11,norm,-0.022400081,0.073064536
SIR-1S,15,rho_h,0,lognorm,0.006113605,0.002814134
SIR-1S,15,f_R,0,norm,0.277498031,0.317010756
SIR-1S,15,f_I,0,lognorm,2.15e-05,0.000435505
SIR-1S,15,beta,0,norm,0.458586088,0.467032297
SIR-1S,15,delta_beta_temporal,0,norm,-0.027712102,-0.024134928
SIR-1S,15,delta_beta_temporal,1,norm,-0.020287073,-0.000357949
SIR-1S,15,delta_beta_temporal,2,norm,-0.013785596,0.003768022
SIR-1S,15,delta_beta_temporal,3,norm,0.035419815,0.009643836
SIR-1S,15,delta_beta_temporal,4,norm,0.073553309,0.018139037
SIR-1S,15,delta_beta_temporal,5,norm,-0.012125197,-0.002513644
SIR-1S,15,delta_beta_temporal,6,norm,-0.105643146,-0.004965287
SIR-1S,15,delta_beta_temporal,7,norm,-0.036280531,-0.007056869
SIR-1S,15,delta_beta_temporal,8,norm,-0.015988338,0.033893638
SIR-1S,15,delta_beta_temporal,9,norm,-0.036084525,0.041831487
SIR-1S,15,delta_beta_temporal,10,norm,-0.03052406,0.012639347
SIR-1S,15,delta_beta_temporal,11,norm,0.05068834,0.025552253
SIR-1S,16,rho_h,0,lognorm,0.006327106,0.003953308
SIR-1S,16,f_R,0,norm,0.274188185,0.291364038
SIR-1S,16,f_I,0,lognorm,1.04e-05,2.67e-05
SIR-1S,16,beta,0,norm,0.471798145,0.475134276
SIR-1S,16,delta_beta_temporal,0,norm,-0.024215132,-0.054163187
SIR-1S,16,delta_beta_temporal,1,norm,0.01007766,-0.013280019
SIR-1S,16,delta_beta_temporal,2,norm,0.053228467,0.024671573
SIR-1S,16,delta_beta_temporal,3,norm,0.02577313,0.093868527
SIR-1S,16,delta_beta_temporal,4,norm,0.096046591,0.090684067
SIR-1S,16,delta_beta_temporal,5,norm,-0.216393324,-0.098338138
SIR-1S,16,delta_beta_temporal,6,norm,-0.032826315,-0.088122547
SIR-1S,16,delta_beta_temporal,7,norm,0.089546667,0.0203587
SIR-1S,16,delta_beta_temporal,8,norm,0.021139119,0.105137617
SIR-1S,16,delta_beta_temporal,9,norm,0.044559298,0.095054778
SIR-1S,16,delta_beta_temporal,10,norm,0.008451215,0.050095942
SIR-1S,16,delta_beta_temporal,11,norm,-0.008156534,-0.01926504
SIR-1S,17,rho_h,0,lognorm,0.008364029,0.002766621
SIR-1S,17,f_R,0,norm,0.268784893,0.31512966
SIR-1S,17,f_I,0,lognorm,2.72e-06,9.01e-05
SIR-1S,17,beta,0,norm,0.471111523,0.468950663
SIR-1S,17,delta_beta_temporal,0,norm,0.004306173,-0.064975202
SIR-1S,17,delta_beta_temporal,1,norm,-0.018258919,0.0370225
SIR-1S,17,delta_beta_temporal,2,norm,-0.025733555,0.083319865
SIR-1S,17,delta_beta_temporal,3,norm,0.026531406,0.051648099
SIR-1S,17,delta_beta_temporal,4,norm,0.213214633,0.138989702
SIR-1S,17,delta_beta_temporal,5,norm,-0.130260444,-0.08384015
SIR-1S,17,delta_beta_temporal,6,norm,-0.012377548,-0.050558047
SIR-1S,17,delta_beta_temporal,7,norm,0.026043977,0.035443994
SIR-1S,17,delta_beta_temporal,8,norm,-0.075310559,0.160725505
SIR-1S,17,delta_beta_temporal,9,norm,-0.069056303,0.087313964
SIR-1S,17,delta_beta_temporal,10,norm,-0.062637459,0.096686814
SIR-1S,17,delta_beta_temporal,11,norm,-0.056207317,0.132120282
SIR-1S,18,rho_h,0,lognorm,0.00762324,0.004993837
SIR-1S,18,f_R,0,norm,0.238829511,0.294817884
SIR-1S,18,f_I,0,lognorm,3e-06,4.11e-05
SIR-1S,18,beta,0,norm,0.459456213,0.469066293
SIR-1S,18,delta_beta_temporal,0,norm,-0.03983253,-0.025500579
SIR-1S,18,delta_beta_temporal,1,norm,-0.038731698,0.012766437
SIR-1S,18,delta_beta_temporal,2,norm,-0.063019268,-0.007599411
SIR-1S,18,delta_beta_temporal,3,norm,0.049347911,0.012689638
SIR-1S,18,delta_beta_temporal,4,norm,0.174975897,0.096454301
SIR-1S,18,delta_beta_temporal,5,norm,-0.206947455,-0.077386728
SIR-1S,18,delta_beta_temporal,6,norm,0.026730542,-0.014388166
SIR-1S,18,delta_beta_temporal,7,norm,0.104218713,0.078543942
SIR-1S,18,delta_beta_temporal,8,norm,-0.011011002,0.072752257
SIR-1S,18,delta_beta_temporal,9,norm,-0.018736261,0.098140166
SIR-1S,18,delta_beta_temporal,10,norm,-0.059810658,0.033698712
SIR-1S,18,delta_beta_temporal,11,norm,-0.035710553,0.079753975
SIR-1S,19,rho_h,0,lognorm,0.004807159,0.00320966
SIR-1S,19,f_R,0,norm,0.283403178,0.307915559
SIR-1S,19,f_I,0,lognorm,2.44e-06,3.35e-05
SIR-1S,19,beta,0,norm,0.483779765,0.478470617
SIR-1S,19,delta_beta_temporal,0,norm,-0.029532494,-0.026874319
SIR-1S,19,delta_beta_temporal,1,norm,-0.049412878,-0.001620101
SIR-1S,19,delta_beta_temporal,2,norm,-0.017532295,0.037288459
SIR-1S,19,delta_beta_temporal,3,norm,0.011489502,0.007461974
SIR-1S,19,delta_beta_temporal,4,norm,0.116020592,0.010871341
SIR-1S,19,delta_beta_temporal,5,norm,-0.001914828,-0.075429573
SIR-1S,19,delta_beta_temporal,6,norm,0.006117487,-0.037001357
SIR-1S,19,delta_beta_temporal,7,norm,0.090926488,0.044851176
SIR-1S,19,delta_beta_temporal,8,norm,0.021281061,0.13138298
SIR-1S,19,delta_beta_temporal,9,norm,0.078444884,0.068035484
SIR-1S,19,delta_beta_temporal,10,norm,-0.043989972,0.044792677
SIR-1S,19,delta_beta_temporal,11,norm,0.00503479,0.071899189
SIR-1S,20,rho_h,0,lognorm,0.005876739,0.003420653
SIR-1S,20,f_R,0,norm,0.281415597,0.324123294
SIR-1S,20,f_I,0,lognorm,5.47e-06,7.03e-05
SIR-1S,20,beta,0,norm,0.474769348,0.474322557
SIR-1S,20,delta_beta_temporal,0,norm,-0.029391876,-0.049636652
SIR-1S,20,delta_beta_temporal,1,norm,-0.025256473,0.005242143
SIR-1S,20,delta_beta_temporal,2,norm,-0.006372107,0.026602251
SIR-1S,20,delta_beta_temporal,3,norm,0.060079929,0.022404865
SIR-1S,20,delta_beta_temporal,4,norm,0.113096332,0.054758989
SIR-1S,20,delta_beta_temporal,5,norm,-0.124240102,-0.035684875
SIR-1S,20,delta_beta_temporal,6,norm,-0.022879615,-0.023975219
SIR-1S,20,delta_beta_temporal,7,norm,0.16097439,0.098458864
SIR-1S,20,delta_beta_temporal,8,norm,0.010595139,-0.014057363
SIR-1S,20,delta_beta_temporal,9,norm,0.042083205,0.092956125
SIR-1S,20,delta_beta_temporal,10,norm,-0.014642636,0.040579939
SIR-1S,20,delta_beta_temporal,11,norm,-0.007212574,0.013084218
SIR-1S,21,rho_h,0,lognorm,0.008133529,0.00436904
SIR-1S,21,f_R,0,norm,0.265121323,0.305446313
SIR-1S,21,f_I,0,lognorm,3.46e-06,0.000103453
SIR-1S,21,beta,0,norm,0.472792596,0.464391058
SIR-1S,21,delta_beta_temporal,0,norm,-0.05369127,-0.077712475
SIR-1S,21,delta_beta_temporal,1,norm,-0.042038341,-0.059681857
SIR-1S,21,delta_beta_temporal,2,norm,-0.030649696,-0.002744013
SIR-1S,21,delta_beta_temporal,3,norm,0.035196241,0.024846559
SIR-1S,21,delta_beta_temporal,4,norm,0.219515022,0.166571265
SIR-1S,21,delta_beta_temporal,5,norm,-0.192386418,-0.034469649
SIR-1S,21,delta_beta_temporal,6,norm,-0.047066179,-0.021631845
SIR-1S,21,delta_beta_temporal,7,norm,0.180332874,0.092942656
SIR-1S,21,delta_beta_temporal,8,norm,-0.041213544,0.108222766
SIR-1S,21,delta_beta_temporal,9,norm,0.071640325,0.026037325
SIR-1S,21,delta_beta_temporal,10,norm,0.048531485,0.09284181
SIR-1S,21,delta_beta_temporal,11,norm,-0.025850538,0.060972978
SIR-1S,22,rho_h,0,lognorm,0.008516177,0.004239963
SIR-1S,22,f_R,0,norm,0.268997593,0.30677009
SIR-1S,22,f_I,0,lognorm,1.36e-05,0.000152311
SIR-1S,22,beta,0,norm,0.465070941,0.469303496
SIR-1S,22,delta_beta_temporal,0,norm,0.022688981,-0.027701953
SIR-1S,22,delta_beta_temporal,1,norm,0.010744381,0.021185043
SIR-1S,22,delta_beta_temporal,2,norm,-0.052117472,0.014308034
SIR-1S,22,delta_beta_temporal,3,norm,0.012610946,0.022149255
SIR-1S,22,delta_beta_temporal,4,norm,0.085837451,0.132339602
SIR-1S,22,delta_beta_temporal,5,norm,-0.154341758,-0.06328797
SIR-1S,22,delta_beta_temporal,6,norm,0.003776745,-0.084399534
SIR-1S,22,delta_beta_temporal,7,norm,-0.054005428,0.023440903
SIR-1S,22,delta_beta_temporal,8,norm,-0.016087831,0.063920521
SIR-1S,22,delta_beta_temporal,9,norm,0.084669155,0.015335575
SIR-1S,22,delta_beta_temporal,10,norm,-0.063042907,0.063582057
SIR-1S,22,delta_beta_temporal,11,norm,-0.043635829,0.054943612
SIR-1S,23,rho_h,0,lognorm,0.005851305,0.003638253
SIR-1S,23,f_R,0,norm,0.276279494,0.306233977
SIR-1S,23,f_I,0,lognorm,2.71e-06,4.94e-05
SIR-1S,23,beta,0,norm,0.477176423,0.468714158
SIR-1S,23,delta_beta_temporal,0,norm,-0.041339423,-0.028911322
SIR-1S,23,delta_beta_temporal,1,norm,-0.038579043,-0.025773302
SIR-1S,23,delta_beta_temporal,2,norm,-0.029092644,0.004685663
SIR-1S,23,delta_beta_temporal,3,norm,-0.002282216,0.009981601
SIR-1S,23,delta_beta_temporal,4,norm,0.086108001,0.044539079
SIR-1S,23,delta_beta_temporal,5,norm,0.014015025,-0.010203056
SIR-1S,23,delta_beta_temporal,6,norm,-0.052066944,-0.009956347
SIR-1S,23,delta_beta_temporal,7,norm,0.091670832,0.084015824
SIR-1S,23,delta_beta_temporal,8,norm,0.045530625,0.028119033
SIR-1S,23,delta_beta_temporal,9,norm,0.0077381,-0.006412163
SIR-1S,23,delta_beta_temporal,10,norm,0.013639365,0.010308281
SIR-1S,23,delta_beta_temporal,11,norm,0.052503715,0.036718865
SIR-1S,24,rho_h,0,lognorm,0.006089645,0.002481984
SIR-1S,24,f_R,0,norm,0.271281919,0.296003683
SIR-1S,24,f_I,0,lognorm,2.96e-06,2.96e-05
SIR-1S,24,beta,0,norm,0.471591256,0.471001282
SIR-1S,24,delta_beta_temporal,0,norm,-0.046662478,-0.034279273
SIR-1S,24,delta_beta_temporal,1,norm,-0.020285902,-0.017582384
SIR-1S,24,delta_beta_temporal,2,norm,-0.018968264,0.013623456
SIR-1S,24,delta_beta_temporal,3,norm,0.04064002,0.062298593
SIR-1S,24,delta_beta_temporal,4,norm,0.125244675,0.134346799
SIR-1S,24,delta_beta_temporal,5,norm,-0.053647007,-0.075809235
SIR-1S,24,delta_beta_temporal,6,norm,-0.004186439,-0.103543078
SIR-1S,24,delta_beta_temporal,7,norm,0.093234784,-0.026338763
SIR-1S,24,delta_beta_temporal,8,norm,-0.098126653,0.156553001
SIR-1S,24,delta_beta_temporal,9,norm,-0.066906559,0.104671276
SIR-1S,24,delta_beta_temporal,10,norm,-0.033495884,0.026459654
SIR-1S,24,delta_beta_temporal,11,norm,0.021841479,0.05939444
SIR-1S,25,rho_h,0,lognorm,0.008088928,0.00541185
SIR-1S,25,f_R,0,norm,0.268106262,0.269424272
SIR-1S,25,f_I,0,lognorm,3.44e-06,3.33e-05
SIR-1S,25,beta,0,norm,0.46636267,0.450108557
SIR-1S,25,delta_beta_temporal,0,norm,-0.023430828,-0.038830547
SIR-1S,25,delta_beta_temporal,1,norm,-0.003346949,-0.043492461
SIR-1S,25,delta_beta_temporal,2,norm,0.013302013,0.031178597
SIR-1S,25,delta_beta_temporal,3,norm,-0.031032946,0.049242064
SIR-1S,25,delta_beta_temporal,4,norm,0.055713319,0.123477455
SIR-1S,25,delta_beta_temporal,5,norm,0.005096827,-0.055978256
SIR-1S,25,delta_beta_temporal,6,norm,0.025286662,-0.095287766
SIR-1S,25,delta_beta_temporal,7,norm,0.033878361,0.060106362
SIR-1S,25,delta_beta_temporal,8,norm,-0.016680618,0.084853343
SIR-1S,25,delta_beta_temporal,9,norm,-0.088493326,0.028506929
SIR-1S,25,delta_beta_temporal,10,norm,-0.072913011,0.036287086
SIR-1S,25,delta_beta_temporal,11,norm,0.019723702,0.09962525
SIR-1S,26,rho_h,0,lognorm,0.007989238,0.004736884
SIR-1S,26,f_R,0,norm,0.271711555,0.283612138
SIR-1S,26,f_I,0,lognorm,9.12e-06,3.46e-05
SIR-1S,26,beta,0,norm,0.454725529,0.460007924
SIR-1S,26,delta_beta_temporal,0,norm,-0.059585201,-0.088403644
SIR-1S,26,delta_beta_temporal,1,norm,0.037472603,-0.0051829
SIR-1S,26,delta_beta_temporal,2,norm,-0.013355469,0.047880542
SIR-1S,26,delta_beta_temporal,3,norm,0.035461282,0.021497002
SIR-1S,26,delta_beta_temporal,4,norm,0.106103387,0.101358109
SIR-1S,26,delta_beta_temporal,5,norm,-0.074503209,-0.126133606
SIR-1S,26,delta_beta_temporal,6,norm,0.016850754,-0.055783809
SIR-1S,26,delta_beta_temporal,7,norm,0.059054142,0.11157229
SIR-1S,26,delta_beta_temporal,8,norm,0.018979595,0.15156596
SIR-1S,26,delta_beta_temporal,9,norm,-0.080120367,0.016667931
SIR-1S,26,delta_beta_temporal,10,norm,0.0137611,0.099063048
SIR-1S,26,delta_beta_temporal,11,norm,-0.115370727,0.105556374
SIR-1S,27,rho_h,0,lognorm,0.006159956,0.002504114
SIR-1S,27,f_R,0,norm,0.26569756,0.307831408
SIR-1S,27,f_I,0,lognorm,1.76e-05,2.49e-05
SIR-1S,27,beta,0,norm,0.472202286,0.474710379
SIR-1S,27,delta_beta_temporal,0,norm,-0.192425827,-0.019278168
SIR-1S,27,delta_beta_temporal,1,norm,-0.15363387,0.003732023
SIR-1S,27,delta_beta_temporal,2,norm,-0.078586174,0.007746859
SIR-1S,27,delta_beta_temporal,3,norm,0.064894216,0.060295334
SIR-1S,27,delta_beta_temporal,4,norm,0.246850148,0.08341985
SIR-1S,27,delta_beta_temporal,5,norm,-0.040654722,-0.072117269
SIR-1S,27,delta_beta_temporal,6,norm,-0.016378605,-0.054467789
SIR-1S,27,delta_beta_temporal,7,norm,-0.045308801,0.044499991
SIR-1S,27,delta_beta_temporal,8,norm,-0.033652365,0.062122018
SIR-1S,27,delta_beta_temporal,9,norm,0.027483581,0.086506917
SIR-1S,27,delta_beta_temporal,10,norm,0.044206143,0.081780008
SIR-1S,27,delta_beta_temporal,11,norm,0.018125225,0.045664542
SIR-1S,28,rho_h,0,lognorm,0.007174631,0.006188509
SIR-1S,28,f_R,0,norm,0.288852407,0.307535778
SIR-1S,28,f_I,0,lognorm,3.77e-05,0.000209149
SIR-1S,28,beta,0,norm,0.461222842,0.458118021
SIR-1S,28,delta_beta_temporal,0,norm,-0.048405738,-0.09247307
SIR-1S,28,delta_beta_temporal,1,norm,-0.000484757,-0.007024721
SIR-1S,28,delta_beta_temporal,2,norm,-0.022764948,0.019578343
SIR-1S,28,delta_beta_temporal,3,norm,0.023875832,0.046474852
SIR-1S,28,delta_beta_temporal,4,norm,0.161761269,0.184243899
SIR-1S,28,delta_beta_temporal,5,norm,-0.077896871,-0.042953708
SIR-1S,28,delta_beta_temporal,6,norm,0.129208445,-0.065674013
SIR-1S,28,delta_beta_temporal,7,norm,0.00307394,-0.036361242
SIR-1S,28,delta_beta_temporal,8,norm,-0.101469496,0.015273524
SIR-1S,28,delta_beta_temporal,9,norm,0.10198488,0.059856653
SIR-1S,28,delta_beta_temporal,10,norm,-0.067867875,0.075409872
SIR-1S,28,delta_beta_temporal,11,norm,0.026750568,0.064828249
SIR-1S,29,rho_h,0,lognorm,0.009152903,0.004818426
SIR-1S,29,f_R,0,norm,0.243405439,0.295067919
SIR-1S,29,f_I,0,lognorm,3.1e-06,7.08e-05
SIR-1S,29,beta,0,norm,0.461624497,0.461212826
SIR-1S,29,delta_beta_temporal,0,norm,-0.037348518,-0.083240157
SIR-1S,29,delta_beta_temporal,1,norm,-0.02334699,-0.009826904
SIR-1S,29,delta_beta_temporal,2,norm,-0.071722806,0.019328416
SIR-1S,29,delta_beta_temporal,3,norm,-0.004729035,0.044905318
SIR-1S,29,delta_beta_temporal,4,norm,0.221867781,0.097617713
SIR-1S,29,delta_beta_temporal,5,norm,-0.178652417,-0.061704019
SIR-1S,29,delta_beta_temporal,6,norm,-0.063768115,-0.042257149
SIR-1S,29,delta_beta_temporal,7,norm,0.096949124,0.068949724
SIR-1S,29,delta_beta_temporal,8,norm,-0.064492267,0.14059826
SIR-1S,29,delta_beta_temporal,9,norm,-0.110689696,0.053639414
SIR-1S,29,delta_beta_temporal,10,norm,-0.101882979,0.01284098
SIR-1S,29,delta_beta_temporal,11,norm,-0.034801349,0.066460793
SIR-1S,30,rho_h,0,lognorm,0.005916546,0.004478068
SIR-1S,30,f_R,0,norm,0.288993832,0.27873722
SIR-1S,30,f_I,0,lognorm,6.19e-06,1.71e-05
SIR-1S,30,beta,0,norm,0.476584585,0.471465123
SIR-1S,30,delta_beta_temporal,0,norm,-0.048357895,-0.048533855
SIR-1S,30,delta_beta_temporal,1,norm,-0.031604169,-0.024444883
SIR-1S,30,delta_beta_temporal,2,norm,-0.019598537,0.011552599
SIR-1S,30,delta_beta_temporal,3,norm,0.020515294,0.062588638
SIR-1S,30,delta_beta_temporal,4,norm,0.074608275,0.097435669
SIR-1S,30,delta_beta_temporal,5,norm,-0.030957506,-0.026303134
SIR-1S,30,delta_beta_temporal,6,norm,-0.023009544,-0.008293773
SIR-1S,30,delta_beta_temporal,7,norm,0.067840192,-0.030464801
SIR-1S,30,delta_beta_temporal,8,norm,0.092111016,-0.016513934
SIR-1S,30,delta_beta_temporal,9,norm,0.058150198,0.095109101
SIR-1S,30,delta_beta_temporal,10,norm,0.006263663,0.054917967
SIR-1S,30,delta_beta_temporal,11,norm,0.015600557,-0.001713796
SIR-1S,31,rho_h,0,lognorm,0.005234062,0.003103638
SIR-1S,31,f_R,0,norm,0.275757942,0.316958899
SIR-1S,31,f_I,0,lognorm,3.72e-06,7.79e-05
SIR-1S,31,beta,0,norm,0.480502821,0.470768505
SIR-1S,31,delta_beta_temporal,0,norm,-0.041276452,-0.055413405
SIR-1S,31,delta_beta_temporal,1,norm,-0.039022231,-0.035791322
SIR-1S,31,delta_beta_temporal,2,norm,-0.007870092,-0.023480353
SIR-1S,31,delta_beta_temporal,3,norm,0.04357329,0.04426933
SIR-1S,31,delta_beta_temporal,4,norm,0.139182977,0.071333582
SIR-1S,31,delta_beta_temporal,5,norm,-0.100312087,-0.040648981
SIR-1S,31,delta_beta_temporal,6,norm,0.007072751,-0.036001238
SIR-1S,31,delta_beta_temporal,7,norm,0.106014563,0.042843264
SIR-1S,31,delta_beta_temporal,8,norm,0.049704214,0.121933178
SIR-1S,31,delta_beta_temporal,9,norm,-0.008277607,0.070878931
SIR-1S,31,delta_beta_temporal,10,norm,-0.005828441,0.056384484
SIR-1S,31,delta_beta_temporal,11,norm,0.005811647,0.047265474
SIR-1S,32,rho_h,0,lognorm,0.005492043,0.003057421
SIR-1S,32,f_R,0,norm,0.28298389,0.305164311
SIR-1S,32,f_I,0,lognorm,1.66e-05,5.95e-05
SIR-1S,32,beta,0,norm,0.469515079,0.47074013
SIR-1S,32,delta_beta_temporal,0,norm,-0.00798712,-0.029957157
SIR-1S,32,delta_beta_temporal,1,norm,0.041138655,0.012809615
SIR-1S,32,delta_beta_temporal,2,norm,-0.012177863,0.02575372
SIR-1S,32,delta_beta_temporal,3,norm,0.02529531,0.076025454
SIR-1S,32,delta_beta_temporal,4,norm,0.080031686,0.05579368
SIR-1S,32,delta_beta_temporal,5,norm,-0.097947927,-0.070303456
SIR-1S,32,delta_beta_temporal,6,norm,-0.090719355,-0.113101641
SIR-1S,32,delta_beta_temporal,7,norm,0.015712853,-0.016244156
SIR-1S,32,delta_beta_temporal,8,norm,-0.063367851,0.066215033
SIR-1S,32,delta_beta_temporal,9,norm,0.013021808,0.059172121
SIR-1S,32,delta_beta_temporal,10,norm,0.044265938,0.063838956
SIR-1S,32,delta_beta_temporal,11,norm,0.020371174,0.051404259
SIR-1S,33,rho_h,0,lognorm,0.005658626,0.002613634
SIR-1S,33,f_R,0,norm,0.273020748,0.310389515
SIR-1S,33,f_I,0,lognorm,9.9e-06,5.61e-05
SIR-1S,33,beta,0,norm,0.466107185,0.469861914
SIR-1S,33,delta_beta_temporal,0,norm,-0.032034124,-0.042079655
SIR-1S,33,delta_beta_temporal,1,norm,-0.034991627,-0.025072517
SIR-1S,33,delta_beta_temporal,2,norm,-0.007055997,0.028612976
SIR-1S,33,delta_beta_temporal,3,norm,-0.005013264,0.078174873
SIR-1S,33,delta_beta_temporal,4,norm,0.057938388,0.048779634
SIR-1S,33,delta_beta_temporal,5,norm,-0.012286895,-0.030508592
SIR-1S,33,delta_beta_temporal,6,norm,0.03083817,-0.051922995
SIR-1S,33,delta_beta_temporal,7,norm,0.071247044,0.054133232
SIR-1S,33,delta_beta_temporal,8,norm,0.083554502,0.051885378
SIR-1S,33,delta_beta_temporal,9,norm,0.005799238,0.061077977
SIR-1S,33,delta_beta_temporal,10,norm,-0.02506241,0.018297056
SIR-1S,33,delta_beta_temporal,11,norm,0.018684197,-0.000409378
SIR-1S,34,rho_h,0,lognorm,0.008312672,0.004839562
SIR-1S,34,f_R,0,norm,0.269945008,0.299973707
SIR-1S,34,f_I,0,lognorm,7.65e-06,4.89e-05
SIR-1S,34,beta,0,norm,0.461617809,0.463634133
SIR-1S,34,delta_beta_temporal,0,norm,-0.067654967,-0.046692687
SIR-1S,34,delta_beta_temporal,1,norm,-0.015966165,-0.051788641
SIR-1S,34,delta_beta_temporal,2,norm,-0.019160967,0.047819812
SIR-1S,34,delta_beta_temporal,3,norm,0.032382267,0.103911278
SIR-1S,34,delta_beta_temporal,4,norm,0.223062637,0.138373425
SIR-1S,34,delta_beta_temporal,5,norm,-0.064932297,-0.080756698
SIR-1S,34,delta_beta_temporal,6,norm,0.025703535,-0.123784145
SIR-1S,34,delta_beta_temporal,7,norm,0.028246814,0.03002624
SIR-1S,34,delta_beta_temporal,8,norm,-0.041510747,0.049513026
SIR-1S,34,delta_beta_temporal,9,norm,-0.043751259,0.016406692
SIR-1S,34,delta_beta_temporal,10,norm,0.029908942,0.032161995
SIR-1S,34,delta_beta_temporal,11,norm,0.049731152,0.059050932
SIR-1S,35,rho_h,0,lognorm,0.007834462,0.005071319
SIR-1S,35,f_R,0,norm,0.265895876,0.28796485
SIR-1S,35,f_I,0,lognorm,1.3e-05,2.04e-05
SIR-1S,35,beta,0,norm,0.464734563,0.474187008
SIR-1S,35,delta_beta_temporal,0,norm,-0.030441961,-0.037364704
SIR-1S,35,delta_beta_temporal,1,norm,-0.006017268,-0.010858455
SIR-1S,35,delta_beta_temporal,2,norm,0.023714833,0.043195703
SIR-1S,35,delta_beta_temporal,3,norm,0.033862847,0.125200404
SIR-1S,35,delta_beta_temporal,4,norm,0.027659109,0.047043072
SIR-1S,35,delta_beta_temporal,5,norm,-0.076884995,-0.125044641
SIR-1S,35,delta_beta_temporal,6,norm,-0.09466308,-0.10505575
SIR-1S,35,delta_beta_temporal,7,norm,0.0423121,-0.009468002
SIR-1S,35,delta_beta_temporal,8,norm,0.020998749,0.038517847
SIR-1S,35,delta_beta_temporal,9,norm,0.029205684,0.076433161
SIR-1S,35,delta_beta_temporal,10,norm,0.002298393,0.037170127
SIR-1S,35,delta_beta_temporal,11,norm,0.013876804,0.002715997
SIR-1S,36,rho_h,0,lognorm,0.00664706,0.003945405
SIR-1S,36,f_R,0,norm,0.275958604,0.320446849
SIR-1S,36,f_I,0,lognorm,2.03e-06,5.18e-05
SIR-1S,36,beta,0,norm,0.48070248,0.473850688
SIR-1S,36,delta_beta_temporal,0,norm,-0.016652052,-0.075309858
SIR-1S,36,delta_beta_temporal,1,norm,0.038167522,0.026536975
SIR-1S,36,delta_beta_temporal,2,norm,0.01429755,0.096298765
SIR-1S,36,delta_beta_temporal,3,norm,0.004004174,0.107207243
SIR-1S,36,delta_beta_temporal,4,norm,0.164771199,0.085009279
SIR-1S,36,delta_beta_temporal,5,norm,-0.0745828,-0.062214696
SIR-1S,36,delta_beta_temporal,6,norm,-0.019424298,-0.029877185
SIR-1S,36,delta_beta_temporal,7,norm,-0.00536125,0.051948039
SIR-1S,36,delta_beta_temporal,8,norm,-0.043086522,0.134080069
SIR-1S,36,delta_beta_temporal,9,norm,0.038055734,0.019575339
SIR-1S,36,delta_beta_temporal,10,norm,0.011262862,0.106188079
SIR-1S,36,delta_beta_temporal,11,norm,0.055021217,0.196005587
SIR-1S,37,rho_h,0,lognorm,0.0064043043384969,0.0030972442047345
SIR-1S,37,f_R,0,norm,0.2621065552200721,0.2978787313801361
SIR-1S,37,f_I,0,lognorm,1.80127275177496e-05,5.4731464432826495e-05
SIR-1S,37,beta,0,norm,0.4691319912793469,0.4751385968631809
SIR-1S,37,delta_beta_temporal,0,norm,-0.1769474913224741,-0.0953671289796277
SIR-1S,37,delta_beta_temporal,1,norm,-0.1612011457507945,0.0177864652187752
SIR-1S,37,delta_beta_temporal,2,norm,-0.0938336223317451,0.0920316312613812
SIR-1S,37,delta_beta_temporal,3,norm,0.052857763984422,0.035133067032436
SIR-1S,37,delta_beta_temporal,4,norm,0.1568188174073733,0.1812524924540828
SIR-1S,37,delta_beta_temporal,5,norm,-0.093368229467033,-0.1349713987695636
SIR-1S,37,delta_beta_temporal,6,norm,0.0718174735586048,-0.0581093200861983
SIR-1S,37,delta_beta_temporal,7,norm,0.0469266541803485,0.0223274278943586
SIR-1S,37,delta_beta_temporal,8,norm,-0.0918064495597616,0.1156746477493087
SIR-1S,37,delta_beta_temporal,9,norm,0.095893835152975,0.0837332766447155
SIR-1S,37,delta_beta_temporal,10,norm,-0.0108946452110707,0.1143652491314099
SIR-1S,37,delta_beta_temporal,11,norm,-0.0541630231691862,0.0323534828317313
SIR-1S,38,rho_h,0,lognorm,0.0049729084164467,0.0041758824531535
SIR-1S,38,f_R,0,norm,0.2832339277463306,0.2999182222517181
SIR-1S,38,f_I,0,lognorm,1.1830541175667335e-05,4.717232095338754e-05
SIR-1S,38,beta,0,norm,0.4746879905672506,0.4719468273450636
SIR-1S,38,delta_beta_temporal,0,norm,-0.0412765425209293,-0.0258021614750057
SIR-1S,38,delta_beta_temporal,1,norm,-0.0242402303300785,0.0105456719751976
SIR-1S,38,delta_beta_temporal,2,norm,-0.0363564985109813,-0.0099710099941018
SIR-1S,38,delta_beta_temporal,3,norm,0.0082373826841955,0.0238461809242573
SIR-1S,38,delta_beta_temporal,4,norm,0.0660122073923856,0.0610693034977505
SIR-1S,38,delta_beta_temporal,5,norm,0.0325494560307607,-0.0216642734174918
SIR-1S,38,delta_beta_temporal,6,norm,0.0606063428196494,-0.0119860424637547
SIR-1S,38,delta_beta_temporal,7,norm,0.0316635734642011,-0.0218201056209911
SIR-1S,38,delta_beta_temporal,8,norm,-0.0436737704077033,0.0141997840678336
SIR-1S,38,delta_beta_temporal,9,norm,0.0271127816156114,0.0691242846989132
SIR-1S,38,delta_beta_temporal,10,norm,0.0451326790301111,0.0677768234716924
SIR-1S,38,delta_beta_temporal,11,norm,0.0294542849339638,0.0296907375925928
SIR-1S,39,rho_h,0,lognorm,0.008393213539856,0.0034975199287127
SIR-1S,39,f_R,0,norm,0.2536687425278262,0.3010432557925693
SIR-1S,39,f_I,0,lognorm,7.450614060213385e-06,3.254391978087384e-05
SIR-1S,39,beta,0,norm,0.4674727948712845,0.4760298450834518
SIR-1S,39,delta_beta_temporal,0,norm,0.0366888578380184,-0.1029453890308815
SIR-1S,39,delta_beta_temporal,1,norm,-0.3361774364827565,-0.0113678160460812
SIR-1S,39,delta_beta_temporal,2,norm,-0.1101681200956381,0.0550970526723688
SIR-1S,39,delta_beta_temporal,3,norm,-0.0050007275373521,0.028327721859064
SIR-1S,39,delta_beta_temporal,4,norm,0.2022111138107805,0.1203992427500961
SIR-1S,39,delta_beta_temporal,5,norm,-0.1304123839258251,-0.0963335042300936
SIR-1S,39,delta_beta_temporal,6,norm,0.0070601029343461,0.0027252023084038
SIR-1S,39,delta_beta_temporal,7,norm,0.0889701584301633,0.0360219514902987
SIR-1S,39,delta_beta_temporal,8,norm,0.0102001638445736,0.1309269104995513
SIR-1S,39,delta_beta_temporal,9,norm,0.0098405377954097,0.0713130856464202
SIR-1S,39,delta_beta_temporal,10,norm,-0.0741117108469398,0.0481693914263032
SIR-1S,39,delta_beta_temporal,11,norm,-0.0387459483505889,0.1429862893027545
SIR-1S,40,rho_h,0,lognorm,0.0067383494015718,0.0057834515179769
SIR-1S,40,f_R,0,norm,0.2866222316909033,0.3108517566942357
SIR-1S,40,f_I,0,lognorm,3.612572545750601e-06,0.0001329553258984
SIR-1S,40,beta,0,norm,0.4881883735188362,0.4647913006369646
SIR-1S,40,delta_beta_temporal,0,norm,-0.042200215623938,-0.1251524758516989
SIR-1S,40,delta_beta_temporal,1,norm,-0.0573587440022131,-0.0222609884069572
SIR-1S,40,delta_beta_temporal,2,norm,-0.0147941355483078,0.0009756635297588
SIR-1S,40,delta_beta_temporal,3,norm,-0.0285819988780885,0.0221854111632454
SIR-1S,40,delta_beta_temporal,4,norm,0.1457724955884095,0.0461989717273454
SIR-1S,40,delta_beta_temporal,5,norm,-0.1320229730812014,0.0205742487012773
SIR-1S,40,delta_beta_temporal,6,norm,0.1406519097372722,0.1191961431921846
SIR-1S,40,delta_beta_temporal,7,norm,0.0424916378450144,0.1080580325395191
SIR-1S,40,delta_beta_temporal,8,norm,-0.0827375861864639,-0.098883098780074
SIR-1S,40,delta_beta_temporal,9,norm,-0.0218412648792435,0.0869717803282869
SIR-1S,40,delta_beta_temporal,10,norm,0.0014930727450983,0.0296451201110837
SIR-1S,40,delta_beta_temporal,11,norm,0.0072660047166763,0.0107689922794559
SIR-1S,41,rho_h,0,lognorm,0.0066245092920008,0.0029133040687547
SIR-1S,41,f_R,0,norm,0.2659203625176123,0.3158731946136481
SIR-1S,41,f_I,0,lognorm,6.591513713569344e-06,6.056903567852123e-05
SIR-1S,41,beta,0,norm,0.474644834603067,0.4677218898442035
SIR-1S,41,delta_beta_temporal,0,norm,-0.0455427590604162,-0.0398212992888806
SIR-1S,41,delta_beta_temporal,1,norm,0.0270156448230332,-0.0237322927179196
SIR-1S,41,delta_beta_temporal,2,norm,0.0058320008038506,-0.0037908471634945
SIR-1S,41,delta_beta_temporal,3,norm,0.0324753960455809,0.0946828550090101
SIR-1S,41,delta_beta_temporal,4,norm,0.0646879748290771,0.1196672384160793
SIR-1S,41,delta_beta_temporal,5,norm,-0.2234659514806971,-0.0655635544521032
SIR-1S,41,delta_beta_temporal,6,norm,-0.0201419389655004,-0.0751051913569741
SIR-1S,41,delta_beta_temporal,7,norm,0.107565932724616,-0.0222834488770295
SIR-1S,41,delta_beta_temporal,8,norm,-0.0401104331692804,0.0277815975567593
SIR-1S,41,delta_beta_temporal,9,norm,-0.07196822499395,0.0394148819865221
SIR-1S,41,delta_beta_temporal,10,norm,-0.0100360519028188,0.0755156866915457
SIR-1S,41,delta_beta_temporal,11,norm,0.016278544581201,-0.0195426403556643
SIR-1S,42,rho_h,0,lognorm,0.0185255281643032,0.0064649419175488
SIR-1S,42,f_R,0,norm,0.1559275597635457,0.3000452217619088
SIR-1S,42,f_I,0,lognorm,3.657019073123679e-05,0.0001315572145295
SIR-1S,42,beta,0,norm,0.3754280951322578,0.4405192946036824
SIR-1S,42,delta_beta_temporal,0,norm,-0.0575228180904331,-0.1171257916147802
SIR-1S,42,delta_beta_temporal,1,norm,0.0023279888373928,0.0325388671034697
SIR-1S,42,delta_beta_temporal,2,norm,-0.0984814964784177,0.1007449276480167
SIR-1S,42,delta_beta_temporal,3,norm,0.0578749281044505,0.1109745893752344
SIR-1S,42,delta_beta_temporal,4,norm,0.2399590032870986,0.1739937238034219
SIR-1S,42,delta_beta_temporal,5,norm,0.0235870958996621,-0.1244291331016376
SIR-1S,42,delta_beta_temporal,6,norm,0.0815177719295059,-0.0770928746993576
SIR-1S,42,delta_beta_temporal,7,norm,0.0433455000478441,0.0470687529108158
SIR-1S,42,delta_beta_temporal,8,norm,-0.0181941653569437,0.091057879118491
SIR-1S,42,delta_beta_temporal,9,norm,-0.0816877268328988,0.0263016722899894
SIR-1S,42,delta_beta_temporal,10,norm,-0.0734291493431275,-0.0228885300897642
SIR-1S,42,delta_beta_temporal,11,norm,-0.0277140464267257,0.0116725114482104
SIR-1S,44,rho_h,0,lognorm,0.0058087909232925,0.0026162403920179
SIR-1S,44,f_R,0,norm,0.2750079415629491,0.3098261112419378
SIR-1S,44,f_I,0,lognorm,9.515624146952828e-06,5.544634619171795e-05
SIR-1S,44,beta,0,norm,0.4687532081440654,0.4715725014067344
SIR-1S,44,delta_beta_temporal,0,norm,-0.0358492468540595,-0.0363175849428657
SIR-1S,44,delta_beta_temporal,1,norm,-0.0393376011254222,-0.0300251169995652
SIR-1S,44,delta_beta_temporal,2,norm,-0.0135334520695614,0.0162717925908829
SIR-1S,44,delta_beta_temporal,3,norm,0.0268658858935376,0.0369673049694362
SIR-1S,44,delta_beta_temporal,4,norm,0.0491375861023409,0.0663269565424753
SIR-1S,44,delta_beta_temporal,5,norm,0.0008976117949432,-0.0282086113005201
SIR-1S,44,delta_beta_temporal,6,norm,0.0360596272223256,-0.0571913493549294
SIR-1S,44,delta_beta_temporal,7,norm,0.0823292122197971,0.0027805989591599
SIR-1S,44,delta_beta_temporal,8,norm,-0.0218988933808802,0.0569228754612775
SIR-1S,44,delta_beta_temporal,9,norm,0.0265116426213725,0.0327518000754327
SIR-1S,44,delta_beta_temporal,10,norm,0.0213764090246502,0.0259157710687665
SIR-1S,44,delta_beta_temporal,11,norm,0.0322403487443555,0.0321205127653819
SIR-1S,45,rho_h,0,lognorm,0.0065096904581773,0.0058553720439572
SIR-1S,45,f_R,0,norm,0.2724885914893074,0.2961805768539506
SIR-1S,45,f_I,0,lognorm,2.5764530393706453e-06,0.0001441066754195
SIR-1S,45,beta,0,norm,0.4847630258947298,0.452702052334913
SIR-1S,45,delta_beta_temporal,0,norm,-0.0609601986497173,-0.0774946611752344
SIR-1S,45,delta_beta_temporal,1,norm,-0.0714498663000406,0.0028890289210581
SIR-1S,45,delta_beta_temporal,2,norm,-0.0512582979814804,0.0442328798145663
SIR-1S,45,delta_beta_temporal,3,norm,0.037909258291257,0.0957697472581278
SIR-1S,45,delta_beta_temporal,4,norm,0.1309187370329964,0.1894421002136163
SIR-1S,45,delta_beta_temporal,5,norm,-0.1078663494727301,-0.1615565474813333
SIR-1S,45,delta_beta_temporal,6,norm,0.0806761194959838,-0.0567241363378047
SIR-1S,45,delta_beta_temporal,7,norm,-0.0045356952771618,-0.0163492657367661
SIR-1S,45,delta_beta_temporal,8,norm,-0.106120477279695,0.0414783746448283
SIR-1S,45,delta_beta_temporal,9,norm,0.0778276682524302,0.0395626907812715
SIR-1S,45,delta_beta_temporal,10,norm,-0.0220490185656486,0.0353312837140153
SIR-1S,45,delta_beta_temporal,11,norm,-0.0132438496908626,0.0792312421771065
SIR-1S,46,rho_h,0,lognorm,0.0044643917373946,0.0041495549304679
SIR-1S,46,f_R,0,norm,0.2815692992006767,0.3112483801313377
SIR-1S,46,f_I,0,lognorm,2.436739006403928e-06,5.322711902255575e-05
SIR-1S,46,beta,0,norm,0.4882560409843136,0.4710220778016736
SIR-1S,46,delta_beta_temporal,0,norm,-0.0323341417100214,-0.0503576455406497
SIR-1S,46,delta_beta_temporal,1,norm,-0.0275134347621497,-0.0274051700491714
SIR-1S,46,delta_beta_temporal,2,norm,-0.0039361484222744,0.0080623611007005
SIR-1S,46,delta_beta_temporal,3,norm,-0.0092893618398971,0.0392374470493837
SIR-1S,46,delta_beta_temporal,4,norm,0.0186952628874491,0.0799146509912662
SIR-1S,46,delta_beta_temporal,5,norm,-0.0162132504904693,-0.0537419808813213
SIR-1S,46,delta_beta_temporal,6,norm,0.0543712964845675,-0.0768663915794831
SIR-1S,46,delta_beta_temporal,7,norm,0.1260424754273951,0.0075259560568771
SIR-1S,46,delta_beta_temporal,8,norm,-0.0121321847093905,0.0925285587989219
SIR-1S,46,delta_beta_temporal,9,norm,-0.0093076525471174,0.1029235463194753
SIR-1S,46,delta_beta_temporal,10,norm,-0.0100304190275127,0.081393917291783
SIR-1S,46,delta_beta_temporal,11,norm,0.0204343621121148,0.0214190116411342
SIR-1S,47,rho_h,0,lognorm,0.0078358382041316,0.0055044148138726
SIR-1S,47,f_R,0,norm,0.2600719796132511,0.3158378275877331
SIR-1S,47,f_I,0,lognorm,1.2465532322732511e-05,0.0002350879568079
SIR-1S,47,beta,0,norm,0.4610688514189135,0.4514715618426
SIR-1S,47,delta_beta_temporal,0,norm,0.02889603045643,-0.0709585319792175
SIR-1S,47,delta_beta_temporal,1,norm,-0.0124782154231623,-0.0139193913745109
SIR-1S,47,delta_beta_temporal,2,norm,-0.1519181647991749,0.0560854915527399
SIR-1S,47,delta_beta_temporal,3,norm,0.0434627244173649,0.0995780114015073
SIR-1S,47,delta_beta_temporal,4,norm,0.2012984206551795,0.2181912544877114
SIR-1S,47,delta_beta_temporal,5,norm,-0.1628227934346409,-0.0223777622374657
SIR-1S,47,delta_beta_temporal,6,norm,-0.0195345033578306,-0.0503985943277174
SIR-1S,47,delta_beta_temporal,7,norm,0.0457765361179688,-0.0153637337123978
SIR-1S,47,delta_beta_temporal,8,norm,-0.1049537936621302,0.1201010390747039
SIR-1S,47,delta_beta_temporal,9,norm,0.0732570086777252,0.0448615717011605
SIR-1S,47,delta_beta_temporal,10,norm,-0.0673475897674122,0.0017663909047931
SIR-1S,47,delta_beta_temporal,11,norm,-0.0585912521939931,0.0741990057297805
SIR-1S,48,rho_h,0,lognorm,0.0075973553831147,0.0050870543304485
SIR-1S,48,f_R,0,norm,0.3399699958950998,0.3239057863079413
SIR-1S,48,f_I,0,lognorm,4.856052349571534e-06,0.0002596778088911
SIR-1S,48,beta,0,norm,0.5368864458010065,0.4522127819876315
SIR-1S,48,delta_beta_temporal,0,norm,-0.0455680303136169,0.0449026485318901
SIR-1S,48,delta_beta_temporal,1,norm,-0.0423860230881702,0.0225616535489257
SIR-1S,48,delta_beta_temporal,2,norm,-0.0579769840856471,0.0462408566567397
SIR-1S,48,delta_beta_temporal,3,norm,-0.0807241356664371,0.0942306646100616
SIR-1S,48,delta_beta_temporal,4,norm,0.0790880731263274,0.1619140185929802
SIR-1S,48,delta_beta_temporal,5,norm,-0.1879696497262482,0.0285347756136368
SIR-1S,48,delta_beta_temporal,6,norm,0.0637763199003726,0.0940921524645899
SIR-1S,48,delta_beta_temporal,7,norm,-0.0884864791284408,0.083957092340623
SIR-1S,48,delta_beta_temporal,8,norm,-0.1982973301539679,0.0559037370915937
SIR-1S,48,delta_beta_temporal,9,norm,-0.0616958166668163,0.0960958484129058
SIR-1S,48,delta_beta_temporal,10,norm,-0.1175542166308726,0.1047299998552528
SIR-1S,48,delta_beta_temporal,11,norm,-0.0691344115997081,0.1812004126019356
SIR-1S,49,rho_h,0,lognorm,0.004478446659645,0.0011696513795367
SIR-1S,49,f_R,0,norm,0.2701829711263631,0.3322075581656589
SIR-1S,49,f_I,0,lognorm,8.411274123568828e-06,0.0001700032190866
SIR-1S,49,beta,0,norm,0.4695960786099612,0.4790482688632087
SIR-1S,49,delta_beta_temporal,0,norm,-0.0397152666974723,-0.0307224722318436
SIR-1S,49,delta_beta_temporal,1,norm,-0.0101661548722296,-0.0118595402989249
SIR-1S,49,delta_beta_temporal,2,norm,0.0175507468892576,0.022478947613729
SIR-1S,49,delta_beta_temporal,3,norm,0.0741565330548934,0.0672396982691487
SIR-1S,49,delta_beta_temporal,4,norm,0.1320300934512192,0.1177570471129961
SIR-1S,49,delta_beta_temporal,5,norm,-0.1188903684580541,-0.0260776950340232
SIR-1S,49,delta_beta_temporal,6,norm,-0.0950054460788755,-0.0335762386564924
SIR-1S,49,delta_beta_temporal,7,norm,0.0543152803031086,-0.0131653812655578
SIR-1S,49,delta_beta_temporal,8,norm,-0.0114747220671709,0.0131132087123607
SIR-1S,49,delta_beta_temporal,9,norm,0.0096636313719849,0.0328877383618702
SIR-1S,49,delta_beta_temporal,10,norm,0.0073303750667645,0.0107575123427185
SIR-1S,49,delta_beta_temporal,11,norm,0.0220864437744966,-0.0080209197641345
SIR-1S,50,rho_h,0,lognorm,0.0057097410971054,0.0033034689770579
SIR-1S,50,f_R,0,norm,0.2831215858537761,0.3090883415304422
SIR-1S,50,f_I,0,lognorm,1.1630649265274913e-05,6.892633480171947e-05
SIR-1S,50,beta,0,norm,0.4673529280630115,0.4677810455689178
SIR-1S,50,delta_beta_temporal,0,norm,-0.0407199642407957,-0.0404646335879597
SIR-1S,50,delta_beta_temporal,1,norm,-0.0324195092802258,-0.0200841115578284
SIR-1S,50,delta_beta_temporal,2,norm,-0.0435626567713079,-0.0028295144502809
SIR-1S,50,delta_beta_temporal,3,norm,0.0137619495547436,0.0208506607495454
SIR-1S,50,delta_beta_temporal,4,norm,0.0336480365246074,0.0208134538551833
SIR-1S,50,delta_beta_temporal,5,norm,0.0227395178033061,0.007668622699037
SIR-1S,50,delta_beta_temporal,6,norm,0.0525684700798791,-0.0017840872238539
SIR-1S,50,delta_beta_temporal,7,norm,0.1005785173719998,0.0227230169274288
SIR-1S,50,delta_beta_temporal,8,norm,-0.0236442679781693,0.0599362219829569
SIR-1S,50,delta_beta_temporal,9,norm,-0.0045912261902667,0.0483790665454435
SIR-1S,50,delta_beta_temporal,10,norm,0.0528901888536656,0.0302870123716997
SIR-1S,50,delta_beta_temporal,11,norm,0.0278930055740814,0.0162976307963705
SIR-1S,51,rho_h,0,lognorm,0.0061369774379057,0.0051127986395934
SIR-1S,51,f_R,0,norm,0.2678393906276107,0.3133453165282987
SIR-1S,51,f_I,0,lognorm,1.678739273660335e-05,0.0002269084990269
SIR-1S,51,beta,0,norm,0.4597787711596646,0.456852426102975
SIR-1S,51,delta_beta_temporal,0,norm,-0.0710091201321267,-0.0921791214103108
SIR-1S,51,delta_beta_temporal,1,norm,-0.0765637363487429,-0.0020671920714504
SIR-1S,51,delta_beta_temporal,2,norm,-0.029219421910101,0.0142635663469397
SIR-1S,51,delta_beta_temporal,3,norm,0.0370545306156331,0.0293241192606687
SIR-1S,51,delta_beta_temporal,4,norm,0.1658646151577446,0.2376923406063762
SIR-1S,51,delta_beta_temporal,5,norm,-0.102443684755331,-0.1179331627861063
SIR-1S,51,delta_beta_temporal,6,norm,0.0414068029135763,-0.0889605229122462
SIR-1S,51,delta_beta_temporal,7,norm,0.1010296449255007,-0.0199308122405265
SIR-1S,51,delta_beta_temporal,8,norm,-0.0776361286105994,0.1223297191671957
SIR-1S,51,delta_beta_temporal,9,norm,0.0188797824127962,0.0206038090393743
SIR-1S,51,delta_beta_temporal,10,norm,-0.0516286884617056,0.045207340337208
SIR-1S,51,delta_beta_temporal,11,norm,-0.0631026306624078,0.0769564351788532
SIR-1S,53,rho_h,0,lognorm,0.0042199634736876,0.0027793221604371
SIR-1S,53,f_R,0,norm,0.2757237567050414,0.3274407159937679
SIR-1S,53,f_I,0,lognorm,5.9486007217863766e-06,0.0001309492638389
SIR-1S,53,beta,0,norm,0.4813509102396245,0.4616435165897918
SIR-1S,53,delta_beta_temporal,0,norm,-0.0934773179820497,-0.047644686311829
SIR-1S,53,delta_beta_temporal,1,norm,-0.0211565789960163,0.0219009556554095
SIR-1S,53,delta_beta_temporal,2,norm,0.0466438333990127,0.095361007011173
SIR-1S,53,delta_beta_temporal,3,norm,0.0122183138248887,0.0925554923224178
SIR-1S,53,delta_beta_temporal,4,norm,0.1039738749241415,0.1126326130998706
SIR-1S,53,delta_beta_temporal,5,norm,-0.2177551994853823,-0.0401731348678604
SIR-1S,53,delta_beta_temporal,6,norm,-0.0105692301204436,-0.0677269013352388
SIR-1S,53,delta_beta_temporal,7,norm,0.09385327615808,-0.0438706087355711
SIR-1S,53,delta_beta_temporal,8,norm,-0.0285973499908139,0.0326529987747302
SIR-1S,53,delta_beta_temporal,9,norm,-0.1125863919938529,0.0435719384274393
SIR-1S,53,delta_beta_temporal,10,norm,0.0188605297082041,0.0524157689957272
SIR-1S,53,delta_beta_temporal,11,norm,0.0184316019372087,0.0050361785713026
SIR-1S,54,rho_h,0,lognorm,0.0089035326586361,0.0054991706664272
SIR-1S,54,f_R,0,norm,0.2291736674349754,0.2882167879930389
SIR-1S,54,f_I,0,lognorm,5.617794656582981e-06,2.2741750198733075e-05
SIR-1S,54,beta,0,norm,0.4444811749399454,0.4674491585964343
SIR-1S,54,delta_beta_temporal,0,norm,-0.0993741139403346,-0.0471262875222096
SIR-1S,54,delta_beta_temporal,1,norm,-0.0606948801187588,-0.036193703196785
SIR-1S,54,delta_beta_temporal,2,norm,-0.0223287415900456,-0.0376974023619697
SIR-1S,54,delta_beta_temporal,3,norm,0.0187311688738319,0.0408626278640886
SIR-1S,54,delta_beta_temporal,4,norm,0.112243532250346,0.1479509154345381
SIR-1S,54,delta_beta_temporal,5,norm,-0.076345911490907,-0.0487517034163066
SIR-1S,54,delta_beta_temporal,6,norm,-0.0511901076162584,-0.0492218815089318
SIR-1S,54,delta_beta_temporal,7,norm,0.1619146656072103,0.0471561752748072
SIR-1S,54,delta_beta_temporal,8,norm,0.055929324563588,0.130115044744569
SIR-1S,54,delta_beta_temporal,9,norm,0.0733197676932124,0.0584214671158502
SIR-1S,54,delta_beta_temporal,10,norm,0.0505708248008597,0.0607156388488458
SIR-1S,54,delta_beta_temporal,11,norm,-0.0368338562880622,0.0233523623887184
SIR-1S,55,rho_h,0,lognorm,0.0058812075189711,0.0029105636777414
SIR-1S,55,f_R,0,norm,0.2505056490526018,0.3002208305708898
SIR-1S,55,f_I,0,lognorm,2.4938885795627485e-06,1.8824302781213277e-05
SIR-1S,55,beta,0,norm,0.4657605365857306,0.482886052732152
SIR-1S,55,delta_beta_temporal,0,norm,-0.0548980618211705,-0.038194873090292
SIR-1S,55,delta_beta_temporal,1,norm,-0.0562371531343079,-0.0298763363762941
SIR-1S,55,delta_beta_temporal,2,norm,-0.0604077258103319,0.0437540854969867
SIR-1S,55,delta_beta_temporal,3,norm,0.0389161663734801,0.0287737573325308
SIR-1S,55,delta_beta_temporal,4,norm,0.1255481161380973,0.0600744844584195
SIR-1S,55,delta_beta_temporal,5,norm,-0.0567580527238426,-0.0714058408276622
SIR-1S,55,delta_beta_temporal,6,norm,0.0513756943396421,-0.1291496682518633
SIR-1S,55,delta_beta_temporal,7,norm,0.0187589422721057,0.058829551423253
SIR-1S,55,delta_beta_temporal,8,norm,0.0161475582462755,0.0715366343144406
SIR-1S,55,delta_beta_temporal,9,norm,-0.0360013040128697,0.0804320249943325
SIR-1S,55,delta_beta_temporal,10,norm,-0.0470274723070043,0.0609003412207623
SIR-1S,55,delta_beta_temporal,11,norm,0.0276413075492346,0.0451065261938975
SIR-1S,56,rho_h,0,lognorm,0.0068223614015962,0.0049943502182648
SIR-1S,56,f_R,0,norm,0.2556626844205069,0.2892893414009619
SIR-1S,56,f_I,0,lognorm,7.322541144050106e-06,5.4073781434506474e-05
SIR-1S,56,beta,0,norm,0.4676711315859656,0.4715109890929899
SIR-1S,56,delta_beta_temporal,0,norm,-0.0329782582053208,-0.03462728151032
SIR-1S,56,delta_beta_temporal,1,norm,-0.0272044411825882,-6.694090998275726e-05
SIR-1S,56,delta_beta_temporal,2,norm,-0.0236152336393872,0.0138925098483331
SIR-1S,56,delta_beta_temporal,3,norm,0.022516819609043,0.0015452239253264
SIR-1S,56,delta_beta_temporal,4,norm,0.0873830745426717,0.0613404944473379
SIR-1S,56,delta_beta_temporal,5,norm,-0.0626934323805434,-0.0159357401229871
SIR-1S,56,delta_beta_temporal,6,norm,-0.0016250270808443,-0.0230668226424902
SIR-1S,56,delta_beta_temporal,7,norm,0.049520174589384,0.0643118433709406
SIR-1S,56,delta_beta_temporal,8,norm,0.0631574108024368,0.0518501888404415
SIR-1S,56,delta_beta_temporal,9,norm,0.0398228387281,0.0118886199629524
SIR-1S,56,delta_beta_temporal,10,norm,0.0506207910810854,0.0012971892633553
SIR-1S,56,delta_beta_temporal,11,norm,-0.001989638824387,0.0237262742686316
